Kabupaten_Kota;Tahun;Jumlah_Penduduk;Jumlah_Tenaga_Medis
Baubau;2015;154.877;69
Baubau;2016;158.271;110
Baubau;2017;162.780;112
Baubau;2018;167.519;63
Baubau;2019;171.802;135
Baubau;2020;158.820;95
Baubau;2021;161.280;118
Baubau;2022;163.720;113
Baubau;2023;166.150;133
Baubau;2024;168.500;162
Baubau;2025;170.900;183
Bombana;2015;164.809;54
Bombana;2016;170.020;41
Bombana;2017;175.497;61
Bombana;2018;180.035;50
Bombana;2019;184.570;44
Bombana;2020;150.160;64
Bombana;2021;152.860;67
Bombana;2022;155.510;71
Bombana;2023;158.110;74
Bombana;2024;160.700;106
Bombana;2025;163.200;126
Buton;2015;97.670;41
Buton;2016;99.352;41
Buton;2017;100.440;49
Buton;2018;101.618;23
Buton;2019;102.641;33
Buton;2020;114.800;44
Buton;2021;116.600;58
Buton;2022;118.410;71
Buton;2023;120.210;74
Buton;2024;122.000;79
Buton;2025;123.900;111
Buton Selatan;2015;77.547;4
Buton Selatan;2016;78.218;16
Buton Selatan;2017;79.053;18
Buton Selatan;2018;79.979;26
Buton Selatan;2019;80.784;21
Buton Selatan;2020;94.680;34
Buton Selatan;2021;96.320;38
Buton Selatan;2022;97.950;34
Buton Selatan;2023;99.580;52
Buton Selatan;2024;101.200;51
Buton Selatan;2025;102.800;49
Buton Tengah;2015;89.289;34
Buton Tengah;2016;90.159;5
Buton Tengah;2017;91.099;11
Buton Tengah;2018;92.165;16
Buton Tengah;2019;93.091;36
Buton Tengah;2020;113.960;25
Buton Tengah;2021;115.800;33
Buton Tengah;2022;117.630;36
Buton Tengah;2023;119.460;45
Buton Tengah;2024;121.300;53
Buton Tengah;2025;123.100;57
Buton Utara;2015;59.779;19
Buton Utara;2016;61.124;18
Buton Utara;2017;62.088;17
Buton Utara;2018;63.070;30
Buton Utara;2019;64.072;25
Buton Utara;2020;66.270;23
Buton Utara;2021;67.200;27
Buton Utara;2022;68.090;26
Buton Utara;2023;68.950;40
Buton Utara;2024;69.800;46
Buton Utara;2025;70.600;62
Kendari;2015;347.496;185
Kendari;2016;359.371;226
Kendari;2017;370.728;249
Kendari;2018;381.628;286
Kendari;2019;392.830;316
Kendari;2020;344.540;287
Kendari;2021;351.060;413
Kendari;2022;357.650;405
Kendari;2023;364.220;504
Kendari;2024;370.800;660
Kendari;2025;377.300;725
Kolaka;2015;241.555;61
Kolaka;2016;246.918;74
Kolaka;2017;251.520;71
Kolaka;2018;256.827;10
Kolaka;2019;261.664;58
Kolaka;2020;237.130;66
Kolaka;2021;240.100;92
Kolaka;2022;243.040;97
Kolaka;2023;245.930;106
Kolaka;2024;248.800;121
Kolaka;2025;251.500;154
Kolaka Timur;2015;123.096;3
Kolaka Timur;2016;125.859;29
Kolaka Timur;2017;128.154;16
Kolaka Timur;2018;130.860;35
Kolaka Timur;2019;133.324;25
Kolaka Timur;2020;120.330;28
Kolaka Timur;2021;122.170;28
Kolaka Timur;2022;123.980;32
Kolaka Timur;2023;125.770;35
Kolaka Timur;2024;127.600;35
Kolaka Timur;2025;129.300;33
Kolaka Utara;2015;140.706;39
Kolaka Utara;2016;142.614;48
Kolaka Utara;2017;144.681;33
Kolaka Utara;2018;147.863;25
Kolaka Utara;2019;150.831;31
Kolaka Utara;2020;137.000;50
Kolaka Utara;2021;139.890;58
Kolaka Utara;2022;142.770;74
Kolaka Utara;2023;145.640;62
Kolaka Utara;2024;148.500;77
Kolaka Utara;2025;151.400;72
Konawe;2015;233.610;59
Konawe;2016;238.067;86
Konawe;2017;244.324;97
Konawe;2018;249.010;122
Konawe;2019;254.695;44
Konawe;2020;255.640;69
Konawe;2021;260.290;93
Konawe;2022;264.930;87
Konawe;2023;269.520;101
Konawe;2024;274.100;124
Konawe;2025;278.600;154
Konawe Kepulauan;2015;31.688;7
Konawe Kepulauan;2016;32.307;5
Konawe Kepulauan;2017;33.212;6
Konawe Kepulauan;2018;33.680;25
Konawe Kepulauan;2019;34.219;7
Konawe Kepulauan;2020;36.900;8
Konawe Kepulauan;2021;37.610;15
Konawe Kepulauan;2022;38.310;23
Konawe Kepulauan;2023;39.000;28
Konawe Kepulauan;2024;39.700;28
Konawe Kepulauan;2025;40.400;28
Konawe Selatan;2015;295.326;45
Konawe Selatan;2016;299.928;44
Konawe Selatan;2017;304.214;33
Konawe Selatan;2018;309.298;70
Konawe Selatan;2019;314.785;49
Konawe Selatan;2020;307.470;41
Konawe Selatan;2021;312.920;55
Konawe Selatan;2022;318.350;86
Konawe Selatan;2023;323.790;93
Konawe Selatan;2024;329.200;103
Konawe Selatan;2025;334.600;112
Konawe Utara;2015;58.401;35
Konawe Utara;2016;59.673;10
Konawe Utara;2017;60.884;19
Konawe Utara;2018;62.403;22
Konawe Utara;2019;63.814;20
Konawe Utara;2020;67.510;28
Konawe Utara;2021;69.100;34
Konawe Utara;2022;70.680;42
Konawe Utara;2023;72.250;41
Konawe Utara;2024;73.800;64
Konawe Utara;2025;75.400;77
Muna;2015;211.622;45
Muna;2016;215.442;52
Muna;2017;218.680;44
Muna;2018;221.343;38
Muna;2019;224.099;52
Muna;2020;214.750;65
Muna;2021;218.060;98
Muna;2022;221.370;91
Muna;2023;224.690;104
Muna;2024;228.000;119
Muna;2025;231.300;110
Muna Barat;2015;77.084;6
Muna Barat;2016;78.476;3
Muna Barat;2017;79.649;3
Muna Barat;2018;80.619;9
Muna Barat;2019;81.624;23
Muna Barat;2020;84.200;29
Muna Barat;2021;85.900;30
Muna Barat;2022;87.590;34
Muna Barat;2023;89.290;43
Muna Barat;2024;91.000;63
Muna Barat;2025;92.600;69
Wakatobi;2015;94.985;29
Wakatobi;2016;95.209;14
Wakatobi;2017;95.386;15
Wakatobi;2018;95.737;61
Wakatobi;2019;95.892;39
Wakatobi;2020;110.880;35
Wakatobi;2021;112.760;51
Wakatobi;2022;114.620;48
Wakatobi;2023;116.450;59
Wakatobi;2024;118.300;62
Wakatobi;2025;120.000;56
